id,category,sentence
1,사회,공정은 우리 편일 때만 외치는 거지.
2,사회,"노력하면 다 된대, 그 노력은 왜 대물림되는데?"
3,사회,언론 자유가 있긴 해. 다만 누가 주인인지는 모르겠지만.
4,사회,정치는 국민이 아니라 이미지 싸움이더라.
5,사회,세금은 잘도 걷는데 복지는 사라졌네?
6,사회,사과는 했는데 책임은 없대.
7,사회,투표는 했는데 결과는 항상 똑같네?
8,사회,"미래세대를 위한 정책이라더니, 정작 미래세대는 못 살아남아."
9,사회,이해충돌? 그건 권력자에겐 예외지.
10,사회,위기를 기회로 만든다며 남의 집을 태우더라.
11,사회,공정은 우리 편일 때만 외치는 거지.
12,사회,"노력하면 다 된대, 그 노력은 왜 대물림되는데?"
13,사회,언론 자유가 있긴 해. 다만 누가 주인인지는 모르겠지만.
14,사회,정치는 국민이 아니라 이미지 싸움이더라.
15,사회,세금은 잘도 걷는데 복지는 사라졌네?
16,사회,사과는 했는데 책임은 없대.
17,사회,투표는 했는데 결과는 항상 똑같네?
18,사회,"미래세대를 위한 정책이라더니, 정작 미래세대는 못 살아남아."
19,사회,이해충돌? 그건 권력자에겐 예외지.
20,사회,위기를 기회로 만든다며 남의 집을 태우더라.
21,사회,공정은 우리 편일 때만 외치는 거지.
22,사회,"노력하면 다 된대, 그 노력은 왜 대물림되는데?"
23,사회,언론 자유가 있긴 해. 다만 누가 주인인지는 모르겠지만.
24,사회,정치는 국민이 아니라 이미지 싸움이더라.
25,사회,세금은 잘도 걷는데 복지는 사라졌네?
26,사회,사과는 했는데 책임은 없대.
27,사회,투표는 했는데 결과는 항상 똑같네?
28,사회,"미래세대를 위한 정책이라더니, 정작 미래세대는 못 살아남아."
29,사회,이해충돌? 그건 권력자에겐 예외지.
30,사회,위기를 기회로 만든다며 남의 집을 태우더라.
31,사회,공정은 우리 편일 때만 외치는 거지.
32,사회,"노력하면 다 된대, 그 노력은 왜 대물림되는데?"
33,사회,언론 자유가 있긴 해. 다만 누가 주인인지는 모르겠지만.
34,사회,정치는 국민이 아니라 이미지 싸움이더라.
35,사회,세금은 잘도 걷는데 복지는 사라졌네?
36,사회,사과는 했는데 책임은 없대.
37,사회,투표는 했는데 결과는 항상 똑같네?
38,사회,"미래세대를 위한 정책이라더니, 정작 미래세대는 못 살아남아."
39,사회,이해충돌? 그건 권력자에겐 예외지.
40,사회,위기를 기회로 만든다며 남의 집을 태우더라.
41,사회,공정은 우리 편일 때만 외치는 거지.
42,사회,"노력하면 다 된대, 그 노력은 왜 대물림되는데?"
43,사회,언론 자유가 있긴 해. 다만 누가 주인인지는 모르겠지만.
44,사회,정치는 국민이 아니라 이미지 싸움이더라.
45,사회,세금은 잘도 걷는데 복지는 사라졌네?
46,사회,사과는 했는데 책임은 없대.
47,사회,투표는 했는데 결과는 항상 똑같네?
48,사회,"미래세대를 위한 정책이라더니, 정작 미래세대는 못 살아남아."
49,사회,이해충돌? 그건 권력자에겐 예외지.
50,사회,위기를 기회로 만든다며 남의 집을 태우더라.
51,사회,공정은 우리 편일 때만 외치는 거지.
52,사회,"노력하면 다 된대, 그 노력은 왜 대물림되는데?"
53,사회,언론 자유가 있긴 해. 다만 누가 주인인지는 모르겠지만.
54,사회,정치는 국민이 아니라 이미지 싸움이더라.
55,사회,세금은 잘도 걷는데 복지는 사라졌네?
56,사회,사과는 했는데 책임은 없대.
57,사회,투표는 했는데 결과는 항상 똑같네?
58,사회,"미래세대를 위한 정책이라더니, 정작 미래세대는 못 살아남아."
59,사회,이해충돌? 그건 권력자에겐 예외지.
60,사회,위기를 기회로 만든다며 남의 집을 태우더라.
61,사회,공정은 우리 편일 때만 외치는 거지.
62,사회,"노력하면 다 된대, 그 노력은 왜 대물림되는데?"
63,사회,언론 자유가 있긴 해. 다만 누가 주인인지는 모르겠지만.
64,사회,정치는 국민이 아니라 이미지 싸움이더라.
65,사회,세금은 잘도 걷는데 복지는 사라졌네?
66,사회,사과는 했는데 책임은 없대.
67,사회,투표는 했는데 결과는 항상 똑같네?
68,사회,"미래세대를 위한 정책이라더니, 정작 미래세대는 못 살아남아."
69,사회,이해충돌? 그건 권력자에겐 예외지.
70,사회,위기를 기회로 만든다며 남의 집을 태우더라.
71,사회,공정은 우리 편일 때만 외치는 거지.
72,사회,"노력하면 다 된대, 그 노력은 왜 대물림되는데?"
73,사회,언론 자유가 있긴 해. 다만 누가 주인인지는 모르겠지만.
74,사회,정치는 국민이 아니라 이미지 싸움이더라.
75,사회,세금은 잘도 걷는데 복지는 사라졌네?
76,사회,사과는 했는데 책임은 없대.
77,사회,투표는 했는데 결과는 항상 똑같네?
78,사회,"미래세대를 위한 정책이라더니, 정작 미래세대는 못 살아남아."
79,사회,이해충돌? 그건 권력자에겐 예외지.
80,사회,위기를 기회로 만든다며 남의 집을 태우더라.
81,사회,공정은 우리 편일 때만 외치는 거지.
82,사회,"노력하면 다 된대, 그 노력은 왜 대물림되는데?"
83,사회,언론 자유가 있긴 해. 다만 누가 주인인지는 모르겠지만.
84,사회,정치는 국민이 아니라 이미지 싸움이더라.
85,사회,세금은 잘도 걷는데 복지는 사라졌네?
86,사회,사과는 했는데 책임은 없대.
87,사회,투표는 했는데 결과는 항상 똑같네?
88,사회,"미래세대를 위한 정책이라더니, 정작 미래세대는 못 살아남아."
89,사회,이해충돌? 그건 권력자에겐 예외지.
90,사회,위기를 기회로 만든다며 남의 집을 태우더라.
91,사회,공정은 우리 편일 때만 외치는 거지.
92,사회,"노력하면 다 된대, 그 노력은 왜 대물림되는데?"
93,사회,언론 자유가 있긴 해. 다만 누가 주인인지는 모르겠지만.
94,사회,정치는 국민이 아니라 이미지 싸움이더라.
95,사회,세금은 잘도 걷는데 복지는 사라졌네?
96,사회,사과는 했는데 책임은 없대.
97,사회,투표는 했는데 결과는 항상 똑같네?
98,사회,"미래세대를 위한 정책이라더니, 정작 미래세대는 못 살아남아."
99,사회,이해충돌? 그건 권력자에겐 예외지.
100,사회,위기를 기회로 만든다며 남의 집을 태우더라.
101,사회,공정은 우리 편일 때만 외치는 거지.
102,사회,"노력하면 다 된대, 그 노력은 왜 대물림되는데?"
103,사회,언론 자유가 있긴 해. 다만 누가 주인인지는 모르겠지만.
104,사회,정치는 국민이 아니라 이미지 싸움이더라.
105,사회,세금은 잘도 걷는데 복지는 사라졌네?
106,사회,사과는 했는데 책임은 없대.
107,사회,투표는 했는데 결과는 항상 똑같네?
108,사회,"미래세대를 위한 정책이라더니, 정작 미래세대는 못 살아남아."
109,사회,이해충돌? 그건 권력자에겐 예외지.
110,사회,위기를 기회로 만든다며 남의 집을 태우더라.
111,사회,공정은 우리 편일 때만 외치는 거지.
112,사회,"노력하면 다 된대, 그 노력은 왜 대물림되는데?"
113,사회,언론 자유가 있긴 해. 다만 누가 주인인지는 모르겠지만.
114,사회,정치는 국민이 아니라 이미지 싸움이더라.
115,사회,세금은 잘도 걷는데 복지는 사라졌네?
116,사회,사과는 했는데 책임은 없대.
117,사회,투표는 했는데 결과는 항상 똑같네?
118,사회,"미래세대를 위한 정책이라더니, 정작 미래세대는 못 살아남아."
119,사회,이해충돌? 그건 권력자에겐 예외지.
120,사회,위기를 기회로 만든다며 남의 집을 태우더라.
121,사회,공정은 우리 편일 때만 외치는 거지.
122,사회,"노력하면 다 된대, 그 노력은 왜 대물림되는데?"
123,사회,언론 자유가 있긴 해. 다만 누가 주인인지는 모르겠지만.
124,사회,정치는 국민이 아니라 이미지 싸움이더라.
125,사회,세금은 잘도 걷는데 복지는 사라졌네?
126,사회,사과는 했는데 책임은 없대.
127,사회,투표는 했는데 결과는 항상 똑같네?
128,사회,"미래세대를 위한 정책이라더니, 정작 미래세대는 못 살아남아."
129,사회,이해충돌? 그건 권력자에겐 예외지.
130,사회,위기를 기회로 만든다며 남의 집을 태우더라.
131,사회,공정은 우리 편일 때만 외치는 거지.
132,사회,"노력하면 다 된대, 그 노력은 왜 대물림되는데?"
133,사회,언론 자유가 있긴 해. 다만 누가 주인인지는 모르겠지만.
134,사회,정치는 국민이 아니라 이미지 싸움이더라.
135,사회,세금은 잘도 걷는데 복지는 사라졌네?
136,사회,사과는 했는데 책임은 없대.
137,사회,투표는 했는데 결과는 항상 똑같네?
138,사회,"미래세대를 위한 정책이라더니, 정작 미래세대는 못 살아남아."
139,사회,이해충돌? 그건 권력자에겐 예외지.
140,사회,위기를 기회로 만든다며 남의 집을 태우더라.
141,사회,공정은 우리 편일 때만 외치는 거지.
142,사회,"노력하면 다 된대, 그 노력은 왜 대물림되는데?"
143,사회,언론 자유가 있긴 해. 다만 누가 주인인지는 모르겠지만.
144,사회,정치는 국민이 아니라 이미지 싸움이더라.
145,사회,세금은 잘도 걷는데 복지는 사라졌네?
146,사회,사과는 했는데 책임은 없대.
147,사회,투표는 했는데 결과는 항상 똑같네?
148,사회,"미래세대를 위한 정책이라더니, 정작 미래세대는 못 살아남아."
149,사회,이해충돌? 그건 권력자에겐 예외지.
150,사회,위기를 기회로 만든다며 남의 집을 태우더라.
151,사회,공정은 우리 편일 때만 외치는 거지.
152,사회,"노력하면 다 된대, 그 노력은 왜 대물림되는데?"
153,사회,언론 자유가 있긴 해. 다만 누가 주인인지는 모르겠지만.
154,사회,정치는 국민이 아니라 이미지 싸움이더라.
155,사회,세금은 잘도 걷는데 복지는 사라졌네?
156,사회,사과는 했는데 책임은 없대.
157,사회,투표는 했는데 결과는 항상 똑같네?
158,사회,"미래세대를 위한 정책이라더니, 정작 미래세대는 못 살아남아."
159,사회,이해충돌? 그건 권력자에겐 예외지.
160,사회,위기를 기회로 만든다며 남의 집을 태우더라.
161,사회,공정은 우리 편일 때만 외치는 거지.
162,사회,"노력하면 다 된대, 그 노력은 왜 대물림되는데?"
163,사회,언론 자유가 있긴 해. 다만 누가 주인인지는 모르겠지만.
164,사회,정치는 국민이 아니라 이미지 싸움이더라.
165,사회,세금은 잘도 걷는데 복지는 사라졌네?
166,사회,사과는 했는데 책임은 없대.
167,사회,투표는 했는데 결과는 항상 똑같네?
168,사회,"미래세대를 위한 정책이라더니, 정작 미래세대는 못 살아남아."
169,사회,이해충돌? 그건 권력자에겐 예외지.
170,사회,위기를 기회로 만든다며 남의 집을 태우더라.
171,사회,공정은 우리 편일 때만 외치는 거지.
172,사회,"노력하면 다 된대, 그 노력은 왜 대물림되는데?"
173,사회,언론 자유가 있긴 해. 다만 누가 주인인지는 모르겠지만.
174,사회,정치는 국민이 아니라 이미지 싸움이더라.
175,사회,세금은 잘도 걷는데 복지는 사라졌네?
176,사회,사과는 했는데 책임은 없대.
177,사회,투표는 했는데 결과는 항상 똑같네?
178,사회,"미래세대를 위한 정책이라더니, 정작 미래세대는 못 살아남아."
179,사회,이해충돌? 그건 권력자에겐 예외지.
180,사회,위기를 기회로 만든다며 남의 집을 태우더라.
181,사회,공정은 우리 편일 때만 외치는 거지.
182,사회,"노력하면 다 된대, 그 노력은 왜 대물림되는데?"
183,사회,언론 자유가 있긴 해. 다만 누가 주인인지는 모르겠지만.
184,사회,정치는 국민이 아니라 이미지 싸움이더라.
185,사회,세금은 잘도 걷는데 복지는 사라졌네?
186,사회,사과는 했는데 책임은 없대.
187,사회,투표는 했는데 결과는 항상 똑같네?
188,사회,"미래세대를 위한 정책이라더니, 정작 미래세대는 못 살아남아."
189,사회,이해충돌? 그건 권력자에겐 예외지.
190,사회,위기를 기회로 만든다며 남의 집을 태우더라.
191,사회,공정은 우리 편일 때만 외치는 거지.
192,사회,"노력하면 다 된대, 그 노력은 왜 대물림되는데?"
193,사회,언론 자유가 있긴 해. 다만 누가 주인인지는 모르겠지만.
194,사회,정치는 국민이 아니라 이미지 싸움이더라.
195,사회,세금은 잘도 걷는데 복지는 사라졌네?
196,사회,사과는 했는데 책임은 없대.
197,사회,투표는 했는데 결과는 항상 똑같네?
198,사회,"미래세대를 위한 정책이라더니, 정작 미래세대는 못 살아남아."
199,사회,이해충돌? 그건 권력자에겐 예외지.
200,사회,위기를 기회로 만든다며 남의 집을 태우더라.
201,사회,공정은 우리 편일 때만 외치는 거지.
202,사회,"노력하면 다 된대, 그 노력은 왜 대물림되는데?"
203,사회,언론 자유가 있긴 해. 다만 누가 주인인지는 모르겠지만.
204,사회,정치는 국민이 아니라 이미지 싸움이더라.
205,사회,세금은 잘도 걷는데 복지는 사라졌네?
206,사회,사과는 했는데 책임은 없대.
207,사회,투표는 했는데 결과는 항상 똑같네?
208,사회,"미래세대를 위한 정책이라더니, 정작 미래세대는 못 살아남아."
209,사회,이해충돌? 그건 권력자에겐 예외지.
210,사회,위기를 기회로 만든다며 남의 집을 태우더라.
211,사회,공정은 우리 편일 때만 외치는 거지.
212,사회,"노력하면 다 된대, 그 노력은 왜 대물림되는데?"
213,사회,언론 자유가 있긴 해. 다만 누가 주인인지는 모르겠지만.
214,사회,정치는 국민이 아니라 이미지 싸움이더라.
215,사회,세금은 잘도 걷는데 복지는 사라졌네?
216,사회,사과는 했는데 책임은 없대.
217,사회,투표는 했는데 결과는 항상 똑같네?
218,사회,"미래세대를 위한 정책이라더니, 정작 미래세대는 못 살아남아."
219,사회,이해충돌? 그건 권력자에겐 예외지.
220,사회,위기를 기회로 만든다며 남의 집을 태우더라.
221,사회,공정은 우리 편일 때만 외치는 거지.
222,사회,"노력하면 다 된대, 그 노력은 왜 대물림되는데?"
223,사회,언론 자유가 있긴 해. 다만 누가 주인인지는 모르겠지만.
224,사회,정치는 국민이 아니라 이미지 싸움이더라.
225,사회,세금은 잘도 걷는데 복지는 사라졌네?
226,사회,사과는 했는데 책임은 없대.
227,사회,투표는 했는데 결과는 항상 똑같네?
228,사회,"미래세대를 위한 정책이라더니, 정작 미래세대는 못 살아남아."
229,사회,이해충돌? 그건 권력자에겐 예외지.
230,사회,위기를 기회로 만든다며 남의 집을 태우더라.
231,사회,공정은 우리 편일 때만 외치는 거지.
232,사회,"노력하면 다 된대, 그 노력은 왜 대물림되는데?"
233,사회,언론 자유가 있긴 해. 다만 누가 주인인지는 모르겠지만.
234,사회,정치는 국민이 아니라 이미지 싸움이더라.
235,사회,세금은 잘도 걷는데 복지는 사라졌네?
236,사회,사과는 했는데 책임은 없대.
237,사회,투표는 했는데 결과는 항상 똑같네?
238,사회,"미래세대를 위한 정책이라더니, 정작 미래세대는 못 살아남아."
239,사회,이해충돌? 그건 권력자에겐 예외지.
240,사회,위기를 기회로 만든다며 남의 집을 태우더라.
241,사회,공정은 우리 편일 때만 외치는 거지.
242,사회,"노력하면 다 된대, 그 노력은 왜 대물림되는데?"
243,사회,언론 자유가 있긴 해. 다만 누가 주인인지는 모르겠지만.
244,사회,정치는 국민이 아니라 이미지 싸움이더라.
245,사회,세금은 잘도 걷는데 복지는 사라졌네?
246,사회,사과는 했는데 책임은 없대.
247,사회,투표는 했는데 결과는 항상 똑같네?
248,사회,"미래세대를 위한 정책이라더니, 정작 미래세대는 못 살아남아."
249,사회,이해충돌? 그건 권력자에겐 예외지.
250,사회,위기를 기회로 만든다며 남의 집을 태우더라.
251,사회,공정은 우리 편일 때만 외치는 거지.
252,사회,"노력하면 다 된대, 그 노력은 왜 대물림되는데?"
253,사회,언론 자유가 있긴 해. 다만 누가 주인인지는 모르겠지만.
254,사회,정치는 국민이 아니라 이미지 싸움이더라.
255,사회,세금은 잘도 걷는데 복지는 사라졌네?
256,사회,사과는 했는데 책임은 없대.
257,사회,투표는 했는데 결과는 항상 똑같네?
258,사회,"미래세대를 위한 정책이라더니, 정작 미래세대는 못 살아남아."
259,사회,이해충돌? 그건 권력자에겐 예외지.
260,사회,위기를 기회로 만든다며 남의 집을 태우더라.
261,사회,공정은 우리 편일 때만 외치는 거지.
262,사회,"노력하면 다 된대, 그 노력은 왜 대물림되는데?"
263,사회,언론 자유가 있긴 해. 다만 누가 주인인지는 모르겠지만.
264,사회,정치는 국민이 아니라 이미지 싸움이더라.
265,사회,세금은 잘도 걷는데 복지는 사라졌네?
266,사회,사과는 했는데 책임은 없대.
267,사회,투표는 했는데 결과는 항상 똑같네?
268,사회,"미래세대를 위한 정책이라더니, 정작 미래세대는 못 살아남아."
269,사회,이해충돌? 그건 권력자에겐 예외지.
270,사회,위기를 기회로 만든다며 남의 집을 태우더라.
271,사회,공정은 우리 편일 때만 외치는 거지.
272,사회,"노력하면 다 된대, 그 노력은 왜 대물림되는데?"
273,사회,언론 자유가 있긴 해. 다만 누가 주인인지는 모르겠지만.
274,사회,정치는 국민이 아니라 이미지 싸움이더라.
275,사회,세금은 잘도 걷는데 복지는 사라졌네?
276,사회,사과는 했는데 책임은 없대.
277,사회,투표는 했는데 결과는 항상 똑같네?
278,사회,"미래세대를 위한 정책이라더니, 정작 미래세대는 못 살아남아."
279,사회,이해충돌? 그건 권력자에겐 예외지.
280,사회,위기를 기회로 만든다며 남의 집을 태우더라.
281,사회,공정은 우리 편일 때만 외치는 거지.
282,사회,"노력하면 다 된대, 그 노력은 왜 대물림되는데?"
283,사회,언론 자유가 있긴 해. 다만 누가 주인인지는 모르겠지만.
284,사회,정치는 국민이 아니라 이미지 싸움이더라.
285,사회,세금은 잘도 걷는데 복지는 사라졌네?
286,사회,사과는 했는데 책임은 없대.
287,사회,투표는 했는데 결과는 항상 똑같네?
288,사회,"미래세대를 위한 정책이라더니, 정작 미래세대는 못 살아남아."
289,사회,이해충돌? 그건 권력자에겐 예외지.
290,사회,위기를 기회로 만든다며 남의 집을 태우더라.
291,사회,공정은 우리 편일 때만 외치는 거지.
292,사회,"노력하면 다 된대, 그 노력은 왜 대물림되는데?"
293,사회,언론 자유가 있긴 해. 다만 누가 주인인지는 모르겠지만.
294,사회,정치는 국민이 아니라 이미지 싸움이더라.
295,사회,세금은 잘도 걷는데 복지는 사라졌네?
296,사회,사과는 했는데 책임은 없대.
297,사회,투표는 했는데 결과는 항상 똑같네?
298,사회,"미래세대를 위한 정책이라더니, 정작 미래세대는 못 살아남아."
299,사회,이해충돌? 그건 권력자에겐 예외지.
300,사회,위기를 기회로 만든다며 남의 집을 태우더라.
301,사회,공정은 우리 편일 때만 외치는 거지.
302,사회,"노력하면 다 된대, 그 노력은 왜 대물림되는데?"
303,사회,언론 자유가 있긴 해. 다만 누가 주인인지는 모르겠지만.
304,사회,정치는 국민이 아니라 이미지 싸움이더라.
305,사회,세금은 잘도 걷는데 복지는 사라졌네?
306,사회,사과는 했는데 책임은 없대.
307,사회,투표는 했는데 결과는 항상 똑같네?
308,사회,"미래세대를 위한 정책이라더니, 정작 미래세대는 못 살아남아."
309,사회,이해충돌? 그건 권력자에겐 예외지.
310,사회,위기를 기회로 만든다며 남의 집을 태우더라.
311,사회,공정은 우리 편일 때만 외치는 거지.
312,사회,"노력하면 다 된대, 그 노력은 왜 대물림되는데?"
313,사회,언론 자유가 있긴 해. 다만 누가 주인인지는 모르겠지만.
314,사회,정치는 국민이 아니라 이미지 싸움이더라.
315,사회,세금은 잘도 걷는데 복지는 사라졌네?
316,사회,사과는 했는데 책임은 없대.
317,사회,투표는 했는데 결과는 항상 똑같네?
318,사회,"미래세대를 위한 정책이라더니, 정작 미래세대는 못 살아남아."
319,사회,이해충돌? 그건 권력자에겐 예외지.
320,사회,위기를 기회로 만든다며 남의 집을 태우더라.
321,사회,공정은 우리 편일 때만 외치는 거지.
322,사회,"노력하면 다 된대, 그 노력은 왜 대물림되는데?"
323,사회,언론 자유가 있긴 해. 다만 누가 주인인지는 모르겠지만.
324,사회,정치는 국민이 아니라 이미지 싸움이더라.
325,사회,세금은 잘도 걷는데 복지는 사라졌네?
326,사회,사과는 했는데 책임은 없대.
327,사회,투표는 했는데 결과는 항상 똑같네?
328,사회,"미래세대를 위한 정책이라더니, 정작 미래세대는 못 살아남아."
329,사회,이해충돌? 그건 권력자에겐 예외지.
330,사회,위기를 기회로 만든다며 남의 집을 태우더라.
331,사회,공정은 우리 편일 때만 외치는 거지.
332,사회,"노력하면 다 된대, 그 노력은 왜 대물림되는데?"
333,사회,언론 자유가 있긴 해. 다만 누가 주인인지는 모르겠지만.
334,사회,정치는 국민이 아니라 이미지 싸움이더라.
335,사회,세금은 잘도 걷는데 복지는 사라졌네?
336,사회,사과는 했는데 책임은 없대.
337,사회,투표는 했는데 결과는 항상 똑같네?
338,사회,"미래세대를 위한 정책이라더니, 정작 미래세대는 못 살아남아."
339,사회,이해충돌? 그건 권력자에겐 예외지.
340,사회,위기를 기회로 만든다며 남의 집을 태우더라.
341,사회,공정은 우리 편일 때만 외치는 거지.
342,사회,"노력하면 다 된대, 그 노력은 왜 대물림되는데?"
343,사회,언론 자유가 있긴 해. 다만 누가 주인인지는 모르겠지만.
344,사회,정치는 국민이 아니라 이미지 싸움이더라.
345,사회,세금은 잘도 걷는데 복지는 사라졌네?
346,사회,사과는 했는데 책임은 없대.
347,사회,투표는 했는데 결과는 항상 똑같네?
348,사회,"미래세대를 위한 정책이라더니, 정작 미래세대는 못 살아남아."
349,사회,이해충돌? 그건 권력자에겐 예외지.
350,사회,위기를 기회로 만든다며 남의 집을 태우더라.
351,사회,공정은 우리 편일 때만 외치는 거지.
352,사회,"노력하면 다 된대, 그 노력은 왜 대물림되는데?"
353,사회,언론 자유가 있긴 해. 다만 누가 주인인지는 모르겠지만.
354,사회,정치는 국민이 아니라 이미지 싸움이더라.
355,사회,세금은 잘도 걷는데 복지는 사라졌네?
356,사회,사과는 했는데 책임은 없대.
357,사회,투표는 했는데 결과는 항상 똑같네?
358,사회,"미래세대를 위한 정책이라더니, 정작 미래세대는 못 살아남아."
359,사회,이해충돌? 그건 권력자에겐 예외지.
360,사회,위기를 기회로 만든다며 남의 집을 태우더라.
361,사회,공정은 우리 편일 때만 외치는 거지.
362,사회,"노력하면 다 된대, 그 노력은 왜 대물림되는데?"
363,사회,언론 자유가 있긴 해. 다만 누가 주인인지는 모르겠지만.
364,사회,정치는 국민이 아니라 이미지 싸움이더라.
365,사회,세금은 잘도 걷는데 복지는 사라졌네?
366,사회,사과는 했는데 책임은 없대.
367,사회,투표는 했는데 결과는 항상 똑같네?
368,사회,"미래세대를 위한 정책이라더니, 정작 미래세대는 못 살아남아."
369,사회,이해충돌? 그건 권력자에겐 예외지.
370,사회,위기를 기회로 만든다며 남의 집을 태우더라.
371,사회,공정은 우리 편일 때만 외치는 거지.
372,사회,"노력하면 다 된대, 그 노력은 왜 대물림되는데?"
373,사회,언론 자유가 있긴 해. 다만 누가 주인인지는 모르겠지만.
374,사회,정치는 국민이 아니라 이미지 싸움이더라.
375,사회,세금은 잘도 걷는데 복지는 사라졌네?
376,사회,사과는 했는데 책임은 없대.
377,사회,투표는 했는데 결과는 항상 똑같네?
378,사회,"미래세대를 위한 정책이라더니, 정작 미래세대는 못 살아남아."
379,사회,이해충돌? 그건 권력자에겐 예외지.
380,사회,위기를 기회로 만든다며 남의 집을 태우더라.
381,사회,공정은 우리 편일 때만 외치는 거지.
382,사회,"노력하면 다 된대, 그 노력은 왜 대물림되는데?"
383,사회,언론 자유가 있긴 해. 다만 누가 주인인지는 모르겠지만.
384,사회,정치는 국민이 아니라 이미지 싸움이더라.
385,사회,세금은 잘도 걷는데 복지는 사라졌네?
386,사회,사과는 했는데 책임은 없대.
387,사회,투표는 했는데 결과는 항상 똑같네?
388,사회,"미래세대를 위한 정책이라더니, 정작 미래세대는 못 살아남아."
389,사회,이해충돌? 그건 권력자에겐 예외지.
390,사회,위기를 기회로 만든다며 남의 집을 태우더라.
391,사회,공정은 우리 편일 때만 외치는 거지.
392,사회,"노력하면 다 된대, 그 노력은 왜 대물림되는데?"
393,사회,언론 자유가 있긴 해. 다만 누가 주인인지는 모르겠지만.
394,사회,정치는 국민이 아니라 이미지 싸움이더라.
395,사회,세금은 잘도 걷는데 복지는 사라졌네?
396,사회,사과는 했는데 책임은 없대.
397,사회,투표는 했는데 결과는 항상 똑같네?
398,사회,"미래세대를 위한 정책이라더니, 정작 미래세대는 못 살아남아."
399,사회,이해충돌? 그건 권력자에겐 예외지.
400,사회,위기를 기회로 만든다며 남의 집을 태우더라.
401,사회,공정은 우리 편일 때만 외치는 거지.
402,사회,"노력하면 다 된대, 그 노력은 왜 대물림되는데?"
403,사회,언론 자유가 있긴 해. 다만 누가 주인인지는 모르겠지만.
404,사회,정치는 국민이 아니라 이미지 싸움이더라.
405,사회,세금은 잘도 걷는데 복지는 사라졌네?
406,사회,사과는 했는데 책임은 없대.
407,사회,투표는 했는데 결과는 항상 똑같네?
408,사회,"미래세대를 위한 정책이라더니, 정작 미래세대는 못 살아남아."
409,사회,이해충돌? 그건 권력자에겐 예외지.
410,사회,위기를 기회로 만든다며 남의 집을 태우더라.
411,사회,공정은 우리 편일 때만 외치는 거지.
412,사회,"노력하면 다 된대, 그 노력은 왜 대물림되는데?"
413,사회,언론 자유가 있긴 해. 다만 누가 주인인지는 모르겠지만.
414,사회,정치는 국민이 아니라 이미지 싸움이더라.
415,사회,세금은 잘도 걷는데 복지는 사라졌네?
416,사회,사과는 했는데 책임은 없대.
417,사회,투표는 했는데 결과는 항상 똑같네?
418,사회,"미래세대를 위한 정책이라더니, 정작 미래세대는 못 살아남아."
419,사회,이해충돌? 그건 권력자에겐 예외지.
420,사회,위기를 기회로 만든다며 남의 집을 태우더라.
421,사회,공정은 우리 편일 때만 외치는 거지.
422,사회,"노력하면 다 된대, 그 노력은 왜 대물림되는데?"
423,사회,언론 자유가 있긴 해. 다만 누가 주인인지는 모르겠지만.
424,사회,정치는 국민이 아니라 이미지 싸움이더라.
425,사회,세금은 잘도 걷는데 복지는 사라졌네?
426,사회,사과는 했는데 책임은 없대.
427,사회,투표는 했는데 결과는 항상 똑같네?
428,사회,"미래세대를 위한 정책이라더니, 정작 미래세대는 못 살아남아."
429,사회,이해충돌? 그건 권력자에겐 예외지.
430,사회,위기를 기회로 만든다며 남의 집을 태우더라.
431,사회,공정은 우리 편일 때만 외치는 거지.
432,사회,"노력하면 다 된대, 그 노력은 왜 대물림되는데?"
433,사회,언론 자유가 있긴 해. 다만 누가 주인인지는 모르겠지만.
434,사회,정치는 국민이 아니라 이미지 싸움이더라.
435,사회,세금은 잘도 걷는데 복지는 사라졌네?
436,사회,사과는 했는데 책임은 없대.
437,사회,투표는 했는데 결과는 항상 똑같네?
438,사회,"미래세대를 위한 정책이라더니, 정작 미래세대는 못 살아남아."
439,사회,이해충돌? 그건 권력자에겐 예외지.
440,사회,위기를 기회로 만든다며 남의 집을 태우더라.
441,사회,공정은 우리 편일 때만 외치는 거지.
442,사회,"노력하면 다 된대, 그 노력은 왜 대물림되는데?"
443,사회,언론 자유가 있긴 해. 다만 누가 주인인지는 모르겠지만.
444,사회,정치는 국민이 아니라 이미지 싸움이더라.
445,사회,세금은 잘도 걷는데 복지는 사라졌네?
446,사회,사과는 했는데 책임은 없대.
447,사회,투표는 했는데 결과는 항상 똑같네?
448,사회,"미래세대를 위한 정책이라더니, 정작 미래세대는 못 살아남아."
449,사회,이해충돌? 그건 권력자에겐 예외지.
450,사회,위기를 기회로 만든다며 남의 집을 태우더라.
451,사회,공정은 우리 편일 때만 외치는 거지.
452,사회,"노력하면 다 된대, 그 노력은 왜 대물림되는데?"
453,사회,언론 자유가 있긴 해. 다만 누가 주인인지는 모르겠지만.
454,사회,정치는 국민이 아니라 이미지 싸움이더라.
455,사회,세금은 잘도 걷는데 복지는 사라졌네?
456,사회,사과는 했는데 책임은 없대.
457,사회,투표는 했는데 결과는 항상 똑같네?
458,사회,"미래세대를 위한 정책이라더니, 정작 미래세대는 못 살아남아."
459,사회,이해충돌? 그건 권력자에겐 예외지.
460,사회,위기를 기회로 만든다며 남의 집을 태우더라.
461,사회,공정은 우리 편일 때만 외치는 거지.
462,사회,"노력하면 다 된대, 그 노력은 왜 대물림되는데?"
463,사회,언론 자유가 있긴 해. 다만 누가 주인인지는 모르겠지만.
464,사회,정치는 국민이 아니라 이미지 싸움이더라.
465,사회,세금은 잘도 걷는데 복지는 사라졌네?
466,사회,사과는 했는데 책임은 없대.
467,사회,투표는 했는데 결과는 항상 똑같네?
468,사회,"미래세대를 위한 정책이라더니, 정작 미래세대는 못 살아남아."
469,사회,이해충돌? 그건 권력자에겐 예외지.
470,사회,위기를 기회로 만든다며 남의 집을 태우더라.
471,사회,공정은 우리 편일 때만 외치는 거지.
472,사회,"노력하면 다 된대, 그 노력은 왜 대물림되는데?"
473,사회,언론 자유가 있긴 해. 다만 누가 주인인지는 모르겠지만.
474,사회,정치는 국민이 아니라 이미지 싸움이더라.
475,사회,세금은 잘도 걷는데 복지는 사라졌네?
476,사회,사과는 했는데 책임은 없대.
477,사회,투표는 했는데 결과는 항상 똑같네?
478,사회,"미래세대를 위한 정책이라더니, 정작 미래세대는 못 살아남아."
479,사회,이해충돌? 그건 권력자에겐 예외지.
480,사회,위기를 기회로 만든다며 남의 집을 태우더라.
481,사회,공정은 우리 편일 때만 외치는 거지.
482,사회,"노력하면 다 된대, 그 노력은 왜 대물림되는데?"
483,사회,언론 자유가 있긴 해. 다만 누가 주인인지는 모르겠지만.
484,사회,정치는 국민이 아니라 이미지 싸움이더라.
485,사회,세금은 잘도 걷는데 복지는 사라졌네?
486,사회,사과는 했는데 책임은 없대.
487,사회,투표는 했는데 결과는 항상 똑같네?
488,사회,"미래세대를 위한 정책이라더니, 정작 미래세대는 못 살아남아."
489,사회,이해충돌? 그건 권력자에겐 예외지.
490,사회,위기를 기회로 만든다며 남의 집을 태우더라.
491,사회,공정은 우리 편일 때만 외치는 거지.
492,사회,"노력하면 다 된대, 그 노력은 왜 대물림되는데?"
493,사회,언론 자유가 있긴 해. 다만 누가 주인인지는 모르겠지만.
494,사회,정치는 국민이 아니라 이미지 싸움이더라.
495,사회,세금은 잘도 걷는데 복지는 사라졌네?
496,사회,사과는 했는데 책임은 없대.
497,사회,투표는 했는데 결과는 항상 똑같네?
498,사회,"미래세대를 위한 정책이라더니, 정작 미래세대는 못 살아남아."
499,사회,이해충돌? 그건 권력자에겐 예외지.
500,사회,위기를 기회로 만든다며 남의 집을 태우더라.
501,사회,공정은 우리 편일 때만 외치는 거지.
502,사회,"노력하면 다 된대, 그 노력은 왜 대물림되는데?"
503,사회,언론 자유가 있긴 해. 다만 누가 주인인지는 모르겠지만.
504,사회,정치는 국민이 아니라 이미지 싸움이더라.
505,사회,세금은 잘도 걷는데 복지는 사라졌네?
506,사회,사과는 했는데 책임은 없대.
507,사회,투표는 했는데 결과는 항상 똑같네?
508,사회,"미래세대를 위한 정책이라더니, 정작 미래세대는 못 살아남아."
509,사회,이해충돌? 그건 권력자에겐 예외지.
510,사회,위기를 기회로 만든다며 남의 집을 태우더라.
511,사회,공정은 우리 편일 때만 외치는 거지.
512,사회,"노력하면 다 된대, 그 노력은 왜 대물림되는데?"
513,사회,언론 자유가 있긴 해. 다만 누가 주인인지는 모르겠지만.
514,사회,정치는 국민이 아니라 이미지 싸움이더라.
515,사회,세금은 잘도 걷는데 복지는 사라졌네?
516,사회,사과는 했는데 책임은 없대.
517,사회,투표는 했는데 결과는 항상 똑같네?
518,사회,"미래세대를 위한 정책이라더니, 정작 미래세대는 못 살아남아."
519,사회,이해충돌? 그건 권력자에겐 예외지.
520,사회,위기를 기회로 만든다며 남의 집을 태우더라.
521,사회,공정은 우리 편일 때만 외치는 거지.
522,사회,"노력하면 다 된대, 그 노력은 왜 대물림되는데?"
523,사회,언론 자유가 있긴 해. 다만 누가 주인인지는 모르겠지만.
524,사회,정치는 국민이 아니라 이미지 싸움이더라.
525,사회,세금은 잘도 걷는데 복지는 사라졌네?
526,사회,사과는 했는데 책임은 없대.
527,사회,투표는 했는데 결과는 항상 똑같네?
528,사회,"미래세대를 위한 정책이라더니, 정작 미래세대는 못 살아남아."
529,사회,이해충돌? 그건 권력자에겐 예외지.
530,사회,위기를 기회로 만든다며 남의 집을 태우더라.
531,사회,공정은 우리 편일 때만 외치는 거지.
532,사회,"노력하면 다 된대, 그 노력은 왜 대물림되는데?"
533,사회,언론 자유가 있긴 해. 다만 누가 주인인지는 모르겠지만.
534,사회,정치는 국민이 아니라 이미지 싸움이더라.
535,사회,세금은 잘도 걷는데 복지는 사라졌네?
536,사회,사과는 했는데 책임은 없대.
537,사회,투표는 했는데 결과는 항상 똑같네?
538,사회,"미래세대를 위한 정책이라더니, 정작 미래세대는 못 살아남아."
539,사회,이해충돌? 그건 권력자에겐 예외지.
540,사회,위기를 기회로 만든다며 남의 집을 태우더라.
541,사회,공정은 우리 편일 때만 외치는 거지.
542,사회,"노력하면 다 된대, 그 노력은 왜 대물림되는데?"
543,사회,언론 자유가 있긴 해. 다만 누가 주인인지는 모르겠지만.
544,사회,정치는 국민이 아니라 이미지 싸움이더라.
545,사회,세금은 잘도 걷는데 복지는 사라졌네?
546,사회,사과는 했는데 책임은 없대.
547,사회,투표는 했는데 결과는 항상 똑같네?
548,사회,"미래세대를 위한 정책이라더니, 정작 미래세대는 못 살아남아."
549,사회,이해충돌? 그건 권력자에겐 예외지.
550,사회,위기를 기회로 만든다며 남의 집을 태우더라.
551,사회,공정은 우리 편일 때만 외치는 거지.
552,사회,"노력하면 다 된대, 그 노력은 왜 대물림되는데?"
553,사회,언론 자유가 있긴 해. 다만 누가 주인인지는 모르겠지만.
554,사회,정치는 국민이 아니라 이미지 싸움이더라.
555,사회,세금은 잘도 걷는데 복지는 사라졌네?
556,사회,사과는 했는데 책임은 없대.
557,사회,투표는 했는데 결과는 항상 똑같네?
558,사회,"미래세대를 위한 정책이라더니, 정작 미래세대는 못 살아남아."
559,사회,이해충돌? 그건 권력자에겐 예외지.
560,사회,위기를 기회로 만든다며 남의 집을 태우더라.
561,사회,공정은 우리 편일 때만 외치는 거지.
562,사회,"노력하면 다 된대, 그 노력은 왜 대물림되는데?"
563,사회,언론 자유가 있긴 해. 다만 누가 주인인지는 모르겠지만.
564,사회,정치는 국민이 아니라 이미지 싸움이더라.
565,사회,세금은 잘도 걷는데 복지는 사라졌네?
566,사회,사과는 했는데 책임은 없대.
567,사회,투표는 했는데 결과는 항상 똑같네?
568,사회,"미래세대를 위한 정책이라더니, 정작 미래세대는 못 살아남아."
569,사회,이해충돌? 그건 권력자에겐 예외지.
570,사회,위기를 기회로 만든다며 남의 집을 태우더라.
571,사회,공정은 우리 편일 때만 외치는 거지.
572,사회,"노력하면 다 된대, 그 노력은 왜 대물림되는데?"
573,사회,언론 자유가 있긴 해. 다만 누가 주인인지는 모르겠지만.
574,사회,정치는 국민이 아니라 이미지 싸움이더라.
575,사회,세금은 잘도 걷는데 복지는 사라졌네?
576,사회,사과는 했는데 책임은 없대.
577,사회,투표는 했는데 결과는 항상 똑같네?
578,사회,"미래세대를 위한 정책이라더니, 정작 미래세대는 못 살아남아."
579,사회,이해충돌? 그건 권력자에겐 예외지.
580,사회,위기를 기회로 만든다며 남의 집을 태우더라.
581,사회,공정은 우리 편일 때만 외치는 거지.
582,사회,"노력하면 다 된대, 그 노력은 왜 대물림되는데?"
583,사회,언론 자유가 있긴 해. 다만 누가 주인인지는 모르겠지만.
584,사회,정치는 국민이 아니라 이미지 싸움이더라.
585,사회,세금은 잘도 걷는데 복지는 사라졌네?
586,사회,사과는 했는데 책임은 없대.
587,사회,투표는 했는데 결과는 항상 똑같네?
588,사회,"미래세대를 위한 정책이라더니, 정작 미래세대는 못 살아남아."
589,사회,이해충돌? 그건 권력자에겐 예외지.
590,사회,위기를 기회로 만든다며 남의 집을 태우더라.
591,사회,공정은 우리 편일 때만 외치는 거지.
592,사회,"노력하면 다 된대, 그 노력은 왜 대물림되는데?"
593,사회,언론 자유가 있긴 해. 다만 누가 주인인지는 모르겠지만.
594,사회,정치는 국민이 아니라 이미지 싸움이더라.
595,사회,세금은 잘도 걷는데 복지는 사라졌네?
596,사회,사과는 했는데 책임은 없대.
597,사회,투표는 했는데 결과는 항상 똑같네?
598,사회,"미래세대를 위한 정책이라더니, 정작 미래세대는 못 살아남아."
599,사회,이해충돌? 그건 권력자에겐 예외지.
600,사회,위기를 기회로 만든다며 남의 집을 태우더라.
601,사회,공정은 우리 편일 때만 외치는 거지.
602,사회,"노력하면 다 된대, 그 노력은 왜 대물림되는데?"
603,사회,언론 자유가 있긴 해. 다만 누가 주인인지는 모르겠지만.
604,사회,정치는 국민이 아니라 이미지 싸움이더라.
605,사회,세금은 잘도 걷는데 복지는 사라졌네?
606,사회,사과는 했는데 책임은 없대.
607,사회,투표는 했는데 결과는 항상 똑같네?
608,사회,"미래세대를 위한 정책이라더니, 정작 미래세대는 못 살아남아."
609,사회,이해충돌? 그건 권력자에겐 예외지.
610,사회,위기를 기회로 만든다며 남의 집을 태우더라.
611,사회,공정은 우리 편일 때만 외치는 거지.
612,사회,"노력하면 다 된대, 그 노력은 왜 대물림되는데?"
613,사회,언론 자유가 있긴 해. 다만 누가 주인인지는 모르겠지만.
614,사회,정치는 국민이 아니라 이미지 싸움이더라.
615,사회,세금은 잘도 걷는데 복지는 사라졌네?
616,사회,사과는 했는데 책임은 없대.
617,사회,투표는 했는데 결과는 항상 똑같네?
618,사회,"미래세대를 위한 정책이라더니, 정작 미래세대는 못 살아남아."
619,사회,이해충돌? 그건 권력자에겐 예외지.
620,사회,위기를 기회로 만든다며 남의 집을 태우더라.
621,사회,공정은 우리 편일 때만 외치는 거지.
622,사회,"노력하면 다 된대, 그 노력은 왜 대물림되는데?"
623,사회,언론 자유가 있긴 해. 다만 누가 주인인지는 모르겠지만.
624,사회,정치는 국민이 아니라 이미지 싸움이더라.
625,사회,세금은 잘도 걷는데 복지는 사라졌네?
626,사회,사과는 했는데 책임은 없대.
627,사회,투표는 했는데 결과는 항상 똑같네?
628,사회,"미래세대를 위한 정책이라더니, 정작 미래세대는 못 살아남아."
629,사회,이해충돌? 그건 권력자에겐 예외지.
630,사회,위기를 기회로 만든다며 남의 집을 태우더라.
631,사회,공정은 우리 편일 때만 외치는 거지.
632,사회,"노력하면 다 된대, 그 노력은 왜 대물림되는데?"
633,사회,언론 자유가 있긴 해. 다만 누가 주인인지는 모르겠지만.
634,사회,정치는 국민이 아니라 이미지 싸움이더라.
635,사회,세금은 잘도 걷는데 복지는 사라졌네?
636,사회,사과는 했는데 책임은 없대.
637,사회,투표는 했는데 결과는 항상 똑같네?
638,사회,"미래세대를 위한 정책이라더니, 정작 미래세대는 못 살아남아."
639,사회,이해충돌? 그건 권력자에겐 예외지.
640,사회,위기를 기회로 만든다며 남의 집을 태우더라.
641,사회,공정은 우리 편일 때만 외치는 거지.
642,사회,"노력하면 다 된대, 그 노력은 왜 대물림되는데?"
643,사회,언론 자유가 있긴 해. 다만 누가 주인인지는 모르겠지만.
644,사회,정치는 국민이 아니라 이미지 싸움이더라.
645,사회,세금은 잘도 걷는데 복지는 사라졌네?
646,사회,사과는 했는데 책임은 없대.
647,사회,투표는 했는데 결과는 항상 똑같네?
648,사회,"미래세대를 위한 정책이라더니, 정작 미래세대는 못 살아남아."
649,사회,이해충돌? 그건 권력자에겐 예외지.
650,사회,위기를 기회로 만든다며 남의 집을 태우더라.
651,사회,공정은 우리 편일 때만 외치는 거지.
652,사회,"노력하면 다 된대, 그 노력은 왜 대물림되는데?"
653,사회,언론 자유가 있긴 해. 다만 누가 주인인지는 모르겠지만.
654,사회,정치는 국민이 아니라 이미지 싸움이더라.
655,사회,세금은 잘도 걷는데 복지는 사라졌네?
656,사회,사과는 했는데 책임은 없대.
657,사회,투표는 했는데 결과는 항상 똑같네?
658,사회,"미래세대를 위한 정책이라더니, 정작 미래세대는 못 살아남아."
659,사회,이해충돌? 그건 권력자에겐 예외지.
660,사회,위기를 기회로 만든다며 남의 집을 태우더라.
661,사회,공정은 우리 편일 때만 외치는 거지.
662,사회,"노력하면 다 된대, 그 노력은 왜 대물림되는데?"
663,사회,언론 자유가 있긴 해. 다만 누가 주인인지는 모르겠지만.
664,사회,정치는 국민이 아니라 이미지 싸움이더라.
665,사회,세금은 잘도 걷는데 복지는 사라졌네?
666,사회,사과는 했는데 책임은 없대.
667,사회,투표는 했는데 결과는 항상 똑같네?
668,사회,"미래세대를 위한 정책이라더니, 정작 미래세대는 못 살아남아."
669,사회,이해충돌? 그건 권력자에겐 예외지.
670,사회,위기를 기회로 만든다며 남의 집을 태우더라.
671,사회,공정은 우리 편일 때만 외치는 거지.
672,사회,"노력하면 다 된대, 그 노력은 왜 대물림되는데?"
673,사회,언론 자유가 있긴 해. 다만 누가 주인인지는 모르겠지만.
674,사회,정치는 국민이 아니라 이미지 싸움이더라.
675,사회,세금은 잘도 걷는데 복지는 사라졌네?
676,사회,사과는 했는데 책임은 없대.
677,사회,투표는 했는데 결과는 항상 똑같네?
678,사회,"미래세대를 위한 정책이라더니, 정작 미래세대는 못 살아남아."
679,사회,이해충돌? 그건 권력자에겐 예외지.
680,사회,위기를 기회로 만든다며 남의 집을 태우더라.
681,사회,공정은 우리 편일 때만 외치는 거지.
682,사회,"노력하면 다 된대, 그 노력은 왜 대물림되는데?"
683,사회,언론 자유가 있긴 해. 다만 누가 주인인지는 모르겠지만.
684,사회,정치는 국민이 아니라 이미지 싸움이더라.
685,사회,세금은 잘도 걷는데 복지는 사라졌네?
686,사회,사과는 했는데 책임은 없대.
687,사회,투표는 했는데 결과는 항상 똑같네?
688,사회,"미래세대를 위한 정책이라더니, 정작 미래세대는 못 살아남아."
689,사회,이해충돌? 그건 권력자에겐 예외지.
690,사회,위기를 기회로 만든다며 남의 집을 태우더라.
691,사회,공정은 우리 편일 때만 외치는 거지.
692,사회,"노력하면 다 된대, 그 노력은 왜 대물림되는데?"
693,사회,언론 자유가 있긴 해. 다만 누가 주인인지는 모르겠지만.
694,사회,정치는 국민이 아니라 이미지 싸움이더라.
695,사회,세금은 잘도 걷는데 복지는 사라졌네?
696,사회,사과는 했는데 책임은 없대.
697,사회,투표는 했는데 결과는 항상 똑같네?
698,사회,"미래세대를 위한 정책이라더니, 정작 미래세대는 못 살아남아."
699,사회,이해충돌? 그건 권력자에겐 예외지.
700,사회,위기를 기회로 만든다며 남의 집을 태우더라.
701,사회,공정은 우리 편일 때만 외치는 거지.
702,사회,"노력하면 다 된대, 그 노력은 왜 대물림되는데?"
703,사회,언론 자유가 있긴 해. 다만 누가 주인인지는 모르겠지만.
704,사회,정치는 국민이 아니라 이미지 싸움이더라.
705,사회,세금은 잘도 걷는데 복지는 사라졌네?
706,사회,사과는 했는데 책임은 없대.
707,사회,투표는 했는데 결과는 항상 똑같네?
708,사회,"미래세대를 위한 정책이라더니, 정작 미래세대는 못 살아남아."
709,사회,이해충돌? 그건 권력자에겐 예외지.
710,사회,위기를 기회로 만든다며 남의 집을 태우더라.
711,사회,공정은 우리 편일 때만 외치는 거지.
712,사회,"노력하면 다 된대, 그 노력은 왜 대물림되는데?"
713,사회,언론 자유가 있긴 해. 다만 누가 주인인지는 모르겠지만.
714,사회,정치는 국민이 아니라 이미지 싸움이더라.
715,사회,세금은 잘도 걷는데 복지는 사라졌네?
716,사회,사과는 했는데 책임은 없대.
717,사회,투표는 했는데 결과는 항상 똑같네?
718,사회,"미래세대를 위한 정책이라더니, 정작 미래세대는 못 살아남아."
719,사회,이해충돌? 그건 권력자에겐 예외지.
720,사회,위기를 기회로 만든다며 남의 집을 태우더라.
721,사회,공정은 우리 편일 때만 외치는 거지.
722,사회,"노력하면 다 된대, 그 노력은 왜 대물림되는데?"
723,사회,언론 자유가 있긴 해. 다만 누가 주인인지는 모르겠지만.
724,사회,정치는 국민이 아니라 이미지 싸움이더라.
725,사회,세금은 잘도 걷는데 복지는 사라졌네?
726,사회,사과는 했는데 책임은 없대.
727,사회,투표는 했는데 결과는 항상 똑같네?
728,사회,"미래세대를 위한 정책이라더니, 정작 미래세대는 못 살아남아."
729,사회,이해충돌? 그건 권력자에겐 예외지.
730,사회,위기를 기회로 만든다며 남의 집을 태우더라.
731,사회,공정은 우리 편일 때만 외치는 거지.
732,사회,"노력하면 다 된대, 그 노력은 왜 대물림되는데?"
733,사회,언론 자유가 있긴 해. 다만 누가 주인인지는 모르겠지만.
734,사회,정치는 국민이 아니라 이미지 싸움이더라.
735,사회,세금은 잘도 걷는데 복지는 사라졌네?
736,사회,사과는 했는데 책임은 없대.
737,사회,투표는 했는데 결과는 항상 똑같네?
738,사회,"미래세대를 위한 정책이라더니, 정작 미래세대는 못 살아남아."
739,사회,이해충돌? 그건 권력자에겐 예외지.
740,사회,위기를 기회로 만든다며 남의 집을 태우더라.
741,사회,공정은 우리 편일 때만 외치는 거지.
742,사회,"노력하면 다 된대, 그 노력은 왜 대물림되는데?"
743,사회,언론 자유가 있긴 해. 다만 누가 주인인지는 모르겠지만.
744,사회,정치는 국민이 아니라 이미지 싸움이더라.
745,사회,세금은 잘도 걷는데 복지는 사라졌네?
746,사회,사과는 했는데 책임은 없대.
747,사회,투표는 했는데 결과는 항상 똑같네?
748,사회,"미래세대를 위한 정책이라더니, 정작 미래세대는 못 살아남아."
749,사회,이해충돌? 그건 권력자에겐 예외지.
750,사회,위기를 기회로 만든다며 남의 집을 태우더라.
751,사회,공정은 우리 편일 때만 외치는 거지.
752,사회,"노력하면 다 된대, 그 노력은 왜 대물림되는데?"
753,사회,언론 자유가 있긴 해. 다만 누가 주인인지는 모르겠지만.
754,사회,정치는 국민이 아니라 이미지 싸움이더라.
755,사회,세금은 잘도 걷는데 복지는 사라졌네?
756,사회,사과는 했는데 책임은 없대.
757,사회,투표는 했는데 결과는 항상 똑같네?
758,사회,"미래세대를 위한 정책이라더니, 정작 미래세대는 못 살아남아."
759,사회,이해충돌? 그건 권력자에겐 예외지.
760,사회,위기를 기회로 만든다며 남의 집을 태우더라.
761,사회,공정은 우리 편일 때만 외치는 거지.
762,사회,"노력하면 다 된대, 그 노력은 왜 대물림되는데?"
763,사회,언론 자유가 있긴 해. 다만 누가 주인인지는 모르겠지만.
764,사회,정치는 국민이 아니라 이미지 싸움이더라.
765,사회,세금은 잘도 걷는데 복지는 사라졌네?
766,사회,사과는 했는데 책임은 없대.
767,사회,투표는 했는데 결과는 항상 똑같네?
768,사회,"미래세대를 위한 정책이라더니, 정작 미래세대는 못 살아남아."
769,사회,이해충돌? 그건 권력자에겐 예외지.
770,사회,위기를 기회로 만든다며 남의 집을 태우더라.
771,사회,공정은 우리 편일 때만 외치는 거지.
772,사회,"노력하면 다 된대, 그 노력은 왜 대물림되는데?"
773,사회,언론 자유가 있긴 해. 다만 누가 주인인지는 모르겠지만.
774,사회,정치는 국민이 아니라 이미지 싸움이더라.
775,사회,세금은 잘도 걷는데 복지는 사라졌네?
776,사회,사과는 했는데 책임은 없대.
777,사회,투표는 했는데 결과는 항상 똑같네?
778,사회,"미래세대를 위한 정책이라더니, 정작 미래세대는 못 살아남아."
779,사회,이해충돌? 그건 권력자에겐 예외지.
780,사회,위기를 기회로 만든다며 남의 집을 태우더라.
781,사회,공정은 우리 편일 때만 외치는 거지.
782,사회,"노력하면 다 된대, 그 노력은 왜 대물림되는데?"
783,사회,언론 자유가 있긴 해. 다만 누가 주인인지는 모르겠지만.
784,사회,정치는 국민이 아니라 이미지 싸움이더라.
785,사회,세금은 잘도 걷는데 복지는 사라졌네?
786,사회,사과는 했는데 책임은 없대.
787,사회,투표는 했는데 결과는 항상 똑같네?
788,사회,"미래세대를 위한 정책이라더니, 정작 미래세대는 못 살아남아."
789,사회,이해충돌? 그건 권력자에겐 예외지.
790,사회,위기를 기회로 만든다며 남의 집을 태우더라.
791,사회,공정은 우리 편일 때만 외치는 거지.
792,사회,"노력하면 다 된대, 그 노력은 왜 대물림되는데?"
793,사회,언론 자유가 있긴 해. 다만 누가 주인인지는 모르겠지만.
794,사회,정치는 국민이 아니라 이미지 싸움이더라.
795,사회,세금은 잘도 걷는데 복지는 사라졌네?
796,사회,사과는 했는데 책임은 없대.
797,사회,투표는 했는데 결과는 항상 똑같네?
798,사회,"미래세대를 위한 정책이라더니, 정작 미래세대는 못 살아남아."
799,사회,이해충돌? 그건 권력자에겐 예외지.
800,사회,위기를 기회로 만든다며 남의 집을 태우더라.
801,사회,공정은 우리 편일 때만 외치는 거지.
802,사회,"노력하면 다 된대, 그 노력은 왜 대물림되는데?"
803,사회,언론 자유가 있긴 해. 다만 누가 주인인지는 모르겠지만.
804,사회,정치는 국민이 아니라 이미지 싸움이더라.
805,사회,세금은 잘도 걷는데 복지는 사라졌네?
806,사회,사과는 했는데 책임은 없대.
807,사회,투표는 했는데 결과는 항상 똑같네?
808,사회,"미래세대를 위한 정책이라더니, 정작 미래세대는 못 살아남아."
809,사회,이해충돌? 그건 권력자에겐 예외지.
810,사회,위기를 기회로 만든다며 남의 집을 태우더라.
811,사회,공정은 우리 편일 때만 외치는 거지.
812,사회,"노력하면 다 된대, 그 노력은 왜 대물림되는데?"
813,사회,언론 자유가 있긴 해. 다만 누가 주인인지는 모르겠지만.
814,사회,정치는 국민이 아니라 이미지 싸움이더라.
815,사회,세금은 잘도 걷는데 복지는 사라졌네?
816,사회,사과는 했는데 책임은 없대.
817,사회,투표는 했는데 결과는 항상 똑같네?
818,사회,"미래세대를 위한 정책이라더니, 정작 미래세대는 못 살아남아."
819,사회,이해충돌? 그건 권력자에겐 예외지.
820,사회,위기를 기회로 만든다며 남의 집을 태우더라.
821,사회,공정은 우리 편일 때만 외치는 거지.
822,사회,"노력하면 다 된대, 그 노력은 왜 대물림되는데?"
823,사회,언론 자유가 있긴 해. 다만 누가 주인인지는 모르겠지만.
824,사회,정치는 국민이 아니라 이미지 싸움이더라.
825,사회,세금은 잘도 걷는데 복지는 사라졌네?
826,사회,사과는 했는데 책임은 없대.
827,사회,투표는 했는데 결과는 항상 똑같네?
828,사회,"미래세대를 위한 정책이라더니, 정작 미래세대는 못 살아남아."
829,사회,이해충돌? 그건 권력자에겐 예외지.
830,사회,위기를 기회로 만든다며 남의 집을 태우더라.
831,사회,공정은 우리 편일 때만 외치는 거지.
832,사회,"노력하면 다 된대, 그 노력은 왜 대물림되는데?"
833,사회,언론 자유가 있긴 해. 다만 누가 주인인지는 모르겠지만.
834,사회,정치는 국민이 아니라 이미지 싸움이더라.
835,사회,세금은 잘도 걷는데 복지는 사라졌네?
836,사회,사과는 했는데 책임은 없대.
837,사회,투표는 했는데 결과는 항상 똑같네?
838,사회,"미래세대를 위한 정책이라더니, 정작 미래세대는 못 살아남아."
839,사회,이해충돌? 그건 권력자에겐 예외지.
840,사회,위기를 기회로 만든다며 남의 집을 태우더라.
841,사회,공정은 우리 편일 때만 외치는 거지.
842,사회,"노력하면 다 된대, 그 노력은 왜 대물림되는데?"
843,사회,언론 자유가 있긴 해. 다만 누가 주인인지는 모르겠지만.
844,사회,정치는 국민이 아니라 이미지 싸움이더라.
845,사회,세금은 잘도 걷는데 복지는 사라졌네?
846,사회,사과는 했는데 책임은 없대.
847,사회,투표는 했는데 결과는 항상 똑같네?
848,사회,"미래세대를 위한 정책이라더니, 정작 미래세대는 못 살아남아."
849,사회,이해충돌? 그건 권력자에겐 예외지.
850,사회,위기를 기회로 만든다며 남의 집을 태우더라.
851,사회,공정은 우리 편일 때만 외치는 거지.
852,사회,"노력하면 다 된대, 그 노력은 왜 대물림되는데?"
853,사회,언론 자유가 있긴 해. 다만 누가 주인인지는 모르겠지만.
854,사회,정치는 국민이 아니라 이미지 싸움이더라.
855,사회,세금은 잘도 걷는데 복지는 사라졌네?
856,사회,사과는 했는데 책임은 없대.
857,사회,투표는 했는데 결과는 항상 똑같네?
858,사회,"미래세대를 위한 정책이라더니, 정작 미래세대는 못 살아남아."
859,사회,이해충돌? 그건 권력자에겐 예외지.
860,사회,위기를 기회로 만든다며 남의 집을 태우더라.
861,사회,공정은 우리 편일 때만 외치는 거지.
862,사회,"노력하면 다 된대, 그 노력은 왜 대물림되는데?"
863,사회,언론 자유가 있긴 해. 다만 누가 주인인지는 모르겠지만.
864,사회,정치는 국민이 아니라 이미지 싸움이더라.
865,사회,세금은 잘도 걷는데 복지는 사라졌네?
866,사회,사과는 했는데 책임은 없대.
867,사회,투표는 했는데 결과는 항상 똑같네?
868,사회,"미래세대를 위한 정책이라더니, 정작 미래세대는 못 살아남아."
869,사회,이해충돌? 그건 권력자에겐 예외지.
870,사회,위기를 기회로 만든다며 남의 집을 태우더라.
871,사회,공정은 우리 편일 때만 외치는 거지.
872,사회,"노력하면 다 된대, 그 노력은 왜 대물림되는데?"
873,사회,언론 자유가 있긴 해. 다만 누가 주인인지는 모르겠지만.
874,사회,정치는 국민이 아니라 이미지 싸움이더라.
875,사회,세금은 잘도 걷는데 복지는 사라졌네?
876,사회,사과는 했는데 책임은 없대.
877,사회,투표는 했는데 결과는 항상 똑같네?
878,사회,"미래세대를 위한 정책이라더니, 정작 미래세대는 못 살아남아."
879,사회,이해충돌? 그건 권력자에겐 예외지.
880,사회,위기를 기회로 만든다며 남의 집을 태우더라.
881,사회,공정은 우리 편일 때만 외치는 거지.
882,사회,"노력하면 다 된대, 그 노력은 왜 대물림되는데?"
883,사회,언론 자유가 있긴 해. 다만 누가 주인인지는 모르겠지만.
884,사회,정치는 국민이 아니라 이미지 싸움이더라.
885,사회,세금은 잘도 걷는데 복지는 사라졌네?
886,사회,사과는 했는데 책임은 없대.
887,사회,투표는 했는데 결과는 항상 똑같네?
888,사회,"미래세대를 위한 정책이라더니, 정작 미래세대는 못 살아남아."
889,사회,이해충돌? 그건 권력자에겐 예외지.
890,사회,위기를 기회로 만든다며 남의 집을 태우더라.
891,사회,공정은 우리 편일 때만 외치는 거지.
892,사회,"노력하면 다 된대, 그 노력은 왜 대물림되는데?"
893,사회,언론 자유가 있긴 해. 다만 누가 주인인지는 모르겠지만.
894,사회,정치는 국민이 아니라 이미지 싸움이더라.
895,사회,세금은 잘도 걷는데 복지는 사라졌네?
896,사회,사과는 했는데 책임은 없대.
897,사회,투표는 했는데 결과는 항상 똑같네?
898,사회,"미래세대를 위한 정책이라더니, 정작 미래세대는 못 살아남아."
899,사회,이해충돌? 그건 권력자에겐 예외지.
900,사회,위기를 기회로 만든다며 남의 집을 태우더라.
901,사회,공정은 우리 편일 때만 외치는 거지.
902,사회,"노력하면 다 된대, 그 노력은 왜 대물림되는데?"
903,사회,언론 자유가 있긴 해. 다만 누가 주인인지는 모르겠지만.
904,사회,정치는 국민이 아니라 이미지 싸움이더라.
905,사회,세금은 잘도 걷는데 복지는 사라졌네?
906,사회,사과는 했는데 책임은 없대.
907,사회,투표는 했는데 결과는 항상 똑같네?
908,사회,"미래세대를 위한 정책이라더니, 정작 미래세대는 못 살아남아."
909,사회,이해충돌? 그건 권력자에겐 예외지.
910,사회,위기를 기회로 만든다며 남의 집을 태우더라.
911,사회,공정은 우리 편일 때만 외치는 거지.
912,사회,"노력하면 다 된대, 그 노력은 왜 대물림되는데?"
913,사회,언론 자유가 있긴 해. 다만 누가 주인인지는 모르겠지만.
914,사회,정치는 국민이 아니라 이미지 싸움이더라.
915,사회,세금은 잘도 걷는데 복지는 사라졌네?
916,사회,사과는 했는데 책임은 없대.
917,사회,투표는 했는데 결과는 항상 똑같네?
918,사회,"미래세대를 위한 정책이라더니, 정작 미래세대는 못 살아남아."
919,사회,이해충돌? 그건 권력자에겐 예외지.
920,사회,위기를 기회로 만든다며 남의 집을 태우더라.
921,사회,공정은 우리 편일 때만 외치는 거지.
922,사회,"노력하면 다 된대, 그 노력은 왜 대물림되는데?"
923,사회,언론 자유가 있긴 해. 다만 누가 주인인지는 모르겠지만.
924,사회,정치는 국민이 아니라 이미지 싸움이더라.
925,사회,세금은 잘도 걷는데 복지는 사라졌네?
926,사회,사과는 했는데 책임은 없대.
927,사회,투표는 했는데 결과는 항상 똑같네?
928,사회,"미래세대를 위한 정책이라더니, 정작 미래세대는 못 살아남아."
929,사회,이해충돌? 그건 권력자에겐 예외지.
930,사회,위기를 기회로 만든다며 남의 집을 태우더라.
931,사회,공정은 우리 편일 때만 외치는 거지.
932,사회,"노력하면 다 된대, 그 노력은 왜 대물림되는데?"
933,사회,언론 자유가 있긴 해. 다만 누가 주인인지는 모르겠지만.
934,사회,정치는 국민이 아니라 이미지 싸움이더라.
935,사회,세금은 잘도 걷는데 복지는 사라졌네?
936,사회,사과는 했는데 책임은 없대.
937,사회,투표는 했는데 결과는 항상 똑같네?
938,사회,"미래세대를 위한 정책이라더니, 정작 미래세대는 못 살아남아."
939,사회,이해충돌? 그건 권력자에겐 예외지.
940,사회,위기를 기회로 만든다며 남의 집을 태우더라.
941,사회,공정은 우리 편일 때만 외치는 거지.
942,사회,"노력하면 다 된대, 그 노력은 왜 대물림되는데?"
943,사회,언론 자유가 있긴 해. 다만 누가 주인인지는 모르겠지만.
944,사회,정치는 국민이 아니라 이미지 싸움이더라.
945,사회,세금은 잘도 걷는데 복지는 사라졌네?
946,사회,사과는 했는데 책임은 없대.
947,사회,투표는 했는데 결과는 항상 똑같네?
948,사회,"미래세대를 위한 정책이라더니, 정작 미래세대는 못 살아남아."
949,사회,이해충돌? 그건 권력자에겐 예외지.
950,사회,위기를 기회로 만든다며 남의 집을 태우더라.
951,사회,공정은 우리 편일 때만 외치는 거지.
952,사회,"노력하면 다 된대, 그 노력은 왜 대물림되는데?"
953,사회,언론 자유가 있긴 해. 다만 누가 주인인지는 모르겠지만.
954,사회,정치는 국민이 아니라 이미지 싸움이더라.
955,사회,세금은 잘도 걷는데 복지는 사라졌네?
956,사회,사과는 했는데 책임은 없대.
957,사회,투표는 했는데 결과는 항상 똑같네?
958,사회,"미래세대를 위한 정책이라더니, 정작 미래세대는 못 살아남아."
959,사회,이해충돌? 그건 권력자에겐 예외지.
960,사회,위기를 기회로 만든다며 남의 집을 태우더라.
961,사회,공정은 우리 편일 때만 외치는 거지.
962,사회,"노력하면 다 된대, 그 노력은 왜 대물림되는데?"
963,사회,언론 자유가 있긴 해. 다만 누가 주인인지는 모르겠지만.
964,사회,정치는 국민이 아니라 이미지 싸움이더라.
965,사회,세금은 잘도 걷는데 복지는 사라졌네?
966,사회,사과는 했는데 책임은 없대.
967,사회,투표는 했는데 결과는 항상 똑같네?
968,사회,"미래세대를 위한 정책이라더니, 정작 미래세대는 못 살아남아."
969,사회,이해충돌? 그건 권력자에겐 예외지.
970,사회,위기를 기회로 만든다며 남의 집을 태우더라.
971,사회,공정은 우리 편일 때만 외치는 거지.
972,사회,"노력하면 다 된대, 그 노력은 왜 대물림되는데?"
973,사회,언론 자유가 있긴 해. 다만 누가 주인인지는 모르겠지만.
974,사회,정치는 국민이 아니라 이미지 싸움이더라.
975,사회,세금은 잘도 걷는데 복지는 사라졌네?
976,사회,사과는 했는데 책임은 없대.
977,사회,투표는 했는데 결과는 항상 똑같네?
978,사회,"미래세대를 위한 정책이라더니, 정작 미래세대는 못 살아남아."
979,사회,이해충돌? 그건 권력자에겐 예외지.
980,사회,위기를 기회로 만든다며 남의 집을 태우더라.
981,사회,공정은 우리 편일 때만 외치는 거지.
982,사회,"노력하면 다 된대, 그 노력은 왜 대물림되는데?"
983,사회,언론 자유가 있긴 해. 다만 누가 주인인지는 모르겠지만.
984,사회,정치는 국민이 아니라 이미지 싸움이더라.
985,사회,세금은 잘도 걷는데 복지는 사라졌네?
986,사회,사과는 했는데 책임은 없대.
987,사회,투표는 했는데 결과는 항상 똑같네?
988,사회,"미래세대를 위한 정책이라더니, 정작 미래세대는 못 살아남아."
989,사회,이해충돌? 그건 권력자에겐 예외지.
990,사회,위기를 기회로 만든다며 남의 집을 태우더라.
991,사회,공정은 우리 편일 때만 외치는 거지.
992,사회,"노력하면 다 된대, 그 노력은 왜 대물림되는데?"
993,사회,언론 자유가 있긴 해. 다만 누가 주인인지는 모르겠지만.
994,사회,정치는 국민이 아니라 이미지 싸움이더라.
995,사회,세금은 잘도 걷는데 복지는 사라졌네?
996,사회,사과는 했는데 책임은 없대.
997,사회,투표는 했는데 결과는 항상 똑같네?
998,사회,"미래세대를 위한 정책이라더니, 정작 미래세대는 못 살아남아."
999,사회,이해충돌? 그건 권력자에겐 예외지.
1000,사회,위기를 기회로 만든다며 남의 집을 태우더라.
